{
  "turf": {
    "short": {
      "win_rate": 0.06916177371132164,
      "place_rate": 0.2060804726054537,
      "count": 55522
    },
    "mile": {
      "win_rate": 0.07371761647702355,
      "place_rate": 0.22033154986404702,
      "count": 125411
    },
    "mid": {
      "win_rate": 0.08001724317333848,
      "place_rate": 0.23727201105941462,
      "count": 67273
    },
    "long": {
      "win_rate": 0.07896660979770899,
      "place_rate": 0.23458445040214476,
      "count": 8206
    }
  },
  "dirt": {
    "short": {
      "win_rate": 0.08237042264033165,
      "place_rate": 0.24702984740438177,
      "count": 147383
    },
    "mile": {
      "win_rate": 0.08678827390877207,
      "place_rate": 0.2601048418747547,
      "count": 400031
    },
    "mid": {
      "win_rate": 0.08104490032200876,
      "place_rate": 0.2426281703390137,
      "count": 27639
    },
    "long": {
      "win_rate": 0.08399366085578447,
      "place_rate": 0.2519809825673534,
      "count": 631
    }
  }
}