{
  "turf": {
    "short": {
      "win_rate": 0.06914855333237369,
      "place_rate": 0.2060421764790557,
      "count": 55576
    },
    "mile": {
      "win_rate": 0.07370886035619843,
      "place_rate": 0.22030617771688915,
      "count": 125548
    },
    "mid": {
      "win_rate": 0.08001485332343111,
      "place_rate": 0.23726698848867434,
      "count": 67325
    },
    "long": {
      "win_rate": 0.07896660979770899,
      "place_rate": 0.23458445040214476,
      "count": 8206
    }
  },
  "dirt": {
    "short": {
      "win_rate": 0.08236459082215379,
      "place_rate": 0.24701238453086638,
      "count": 147442
    },
    "mile": {
      "win_rate": 0.08677911044477761,
      "place_rate": 0.2600774612693653,
      "count": 400200
    },
    "mid": {
      "win_rate": 0.0810361646013223,
      "place_rate": 0.24260269518407457,
      "count": 27679
    },
    "long": {
      "win_rate": 0.08399366085578447,
      "place_rate": 0.2519809825673534,
      "count": 631
    }
  }
}